RequestStartTime,ResponseTimestamp,Latency
1719908169007,1719908169007,657
RequestStartTime,ResponseTimestamp,Latency
1719908169519,1719908169519,567
RequestStartTime,ResponseTimestamp,Latency
1719908170020,1719908170020,767
RequestStartTime,ResponseTimestamp,Latency
1719908170509,1719908170509,572
RequestStartTime,ResponseTimestamp,Latency
1719908171008,1719908171008,804
RequestStartTime,ResponseTimestamp,Latency
1719908171507,1719908171507,581
RequestStartTime,ResponseTimestamp,Latency
1719908172008,1719908172008,1026
RequestStartTime,ResponseTimestamp,Latency
1719908172510,1719908172510,1137
RequestStartTime,ResponseTimestamp,Latency
1719908173009,1719908173009,659
RequestStartTime,ResponseTimestamp,Latency
1719908173508,1719908173508,570
RequestStartTime,ResponseTimestamp,Latency
1719908174007,1719908174007,1154
RequestStartTime,ResponseTimestamp,Latency
1719908174509,1719908174509,848
RequestStartTime,ResponseTimestamp,Latency
1719908175157,1719908175157,340
RequestStartTime,ResponseTimestamp,Latency
1719908175256,1719908175256,297
RequestStartTime,ResponseTimestamp,Latency
1719908175011,1719908175011,970
RequestStartTime,ResponseTimestamp,Latency
1719908175510,1719908175510,704
RequestStartTime,ResponseTimestamp,Latency
1719908175957,1719908175957,291
RequestStartTime,ResponseTimestamp,Latency
1719908176250,1719908176250,271
RequestStartTime,ResponseTimestamp,Latency
1719908176011,1719908176011,521
RequestStartTime,ResponseTimestamp,Latency
1719908176510,1719908176510,511
RequestStartTime,ResponseTimestamp,Latency
1719908176982,1719908176982,311
RequestStartTime,ResponseTimestamp,Latency
1719908177260,1719908177260,288
RequestStartTime,ResponseTimestamp,Latency
1719908177009,1719908177009,557
RequestStartTime,ResponseTimestamp,Latency
1719908177509,1719908177509,739
RequestStartTime,ResponseTimestamp,Latency
1719908178204,1719908178204,310
RequestStartTime,ResponseTimestamp,Latency
1719908178009,1719908178009,551
RequestStartTime,ResponseTimestamp,Latency
1719908178816,1719908178816,269
RequestStartTime,ResponseTimestamp,Latency
1719908178839,1719908178839,268
RequestStartTime,ResponseTimestamp,Latency
1719908178509,1719908178509,620
RequestStartTime,ResponseTimestamp,Latency
1719908179250,1719908179250,448
RequestStartTime,ResponseTimestamp,Latency
1719908180333,1719908180333,352
RequestStartTime,ResponseTimestamp,Latency
1719908180528,1719908180528,322
RequestStartTime,ResponseTimestamp,Latency
1719908180668,1719908180668,464
RequestStartTime,ResponseTimestamp,Latency
1719908180725,1719908180725,407
RequestStartTime,ResponseTimestamp,Latency
1719908181152,1719908181152,276
RequestStartTime,ResponseTimestamp,Latency
1719908181419,1719908181419,307
RequestStartTime,ResponseTimestamp,Latency
1719908181703,1719908181703,351
RequestStartTime,ResponseTimestamp,Latency
1719908181691,1719908181691,363
RequestStartTime,ResponseTimestamp,Latency
1719908181389,1719908181389,853
RequestStartTime,ResponseTimestamp,Latency
1719908182192,1719908182192,282
RequestStartTime,ResponseTimestamp,Latency
1719908182465,1719908182465,296
RequestStartTime,ResponseTimestamp,Latency
1719908182717,1719908182717,306
RequestStartTime,ResponseTimestamp,Latency
1719908182736,1719908182736,294
RequestStartTime,ResponseTimestamp,Latency
1719908183417,1719908183417,303
RequestStartTime,ResponseTimestamp,Latency
1719908183730,1719908183730,371
RequestStartTime,ResponseTimestamp,Latency
1719908183683,1719908183683,418
RequestStartTime,ResponseTimestamp,Latency
1719908184277,1719908184277,265
RequestStartTime,ResponseTimestamp,Latency
1719908184255,1719908184255,301
RequestStartTime,ResponseTimestamp,Latency
1719908184298,1719908184298,274
RequestStartTime,ResponseTimestamp,Latency
1719908184868,1719908184868,790
RequestStartTime,ResponseTimestamp,Latency
1719908185855,1719908185855,396
RequestStartTime,ResponseTimestamp,Latency
1719908186018,1719908186018,428
RequestStartTime,ResponseTimestamp,Latency
1719908186301,1719908186301,318
RequestStartTime,ResponseTimestamp,Latency
1719908186301,1719908186301,318
RequestStartTime,ResponseTimestamp,Latency
1719908186597,1719908186597,574
RequestStartTime,ResponseTimestamp,Latency
1719908186896,1719908186896,303
RequestStartTime,ResponseTimestamp,Latency
1719908187224,1719908187224,260
RequestStartTime,ResponseTimestamp,Latency
1719908187224,1719908187224,273
RequestStartTime,ResponseTimestamp,Latency
1719908187413,1719908187413,474
RequestStartTime,ResponseTimestamp,Latency
1719908187643,1719908187643,253
RequestStartTime,ResponseTimestamp,Latency
1719908187931,1719908187931,349
RequestStartTime,ResponseTimestamp,Latency
1719908188201,1719908188201,303
RequestStartTime,ResponseTimestamp,Latency
1719908188195,1719908188195,316
RequestStartTime,ResponseTimestamp,Latency
1719908188890,1719908188890,828
RequestStartTime,ResponseTimestamp,Latency
1719908189274,1719908189274,444
RequestStartTime,ResponseTimestamp,Latency
1719908189274,1719908189274,454
RequestStartTime,ResponseTimestamp,Latency
1719908189713,1719908189713,426
RequestStartTime,ResponseTimestamp,Latency
1719908189727,1719908189727,414
RequestStartTime,ResponseTimestamp,Latency
1719908189742,1719908189742,399
RequestStartTime,ResponseTimestamp,Latency
1719908190829,1719908190829,444
RequestStartTime,ResponseTimestamp,Latency
1719908191421,1719908191421,281
RequestStartTime,ResponseTimestamp,Latency
1719908191618,1719908191618,372
RequestStartTime,ResponseTimestamp,Latency
1719908191789,1719908191789,298
RequestStartTime,ResponseTimestamp,Latency
1719908191791,1719908191791,296
RequestStartTime,ResponseTimestamp,Latency
1719908192370,1719908192370,312
RequestStartTime,ResponseTimestamp,Latency
1719908192343,1719908192343,339
RequestStartTime,ResponseTimestamp,Latency
1719908192668,1719908192668,398
RequestStartTime,ResponseTimestamp,Latency
1719908192654,1719908192654,438
RequestStartTime,ResponseTimestamp,Latency
1719908193067,1719908193067,402
RequestStartTime,ResponseTimestamp,Latency
1719908193057,1719908193057,564
RequestStartTime,ResponseTimestamp,Latency
1719908193450,1719908193450,290
RequestStartTime,ResponseTimestamp,Latency
1719908193674,1719908193674,356
RequestStartTime,ResponseTimestamp,Latency
1719908193682,1719908193682,350
RequestStartTime,ResponseTimestamp,Latency
1719908194888,1719908194888,433
RequestStartTime,ResponseTimestamp,Latency
1719908194888,1719908194888,433
RequestStartTime,ResponseTimestamp,Latency
1719908194897,1719908194897,515
RequestStartTime,ResponseTimestamp,Latency
1719908195309,1719908195309,360
RequestStartTime,ResponseTimestamp,Latency
1719908195312,1719908195312,357
RequestStartTime,ResponseTimestamp,Latency
1719908195312,1719908195312,357
RequestStartTime,ResponseTimestamp,Latency
1719908196445,1719908196445,351
RequestStartTime,ResponseTimestamp,Latency
1719908197160,1719908197160,352
RequestStartTime,ResponseTimestamp,Latency
1719908197256,1719908197256,305
RequestStartTime,ResponseTimestamp,Latency
1719908197256,1719908197256,305
RequestStartTime,ResponseTimestamp,Latency
1719908197852,1719908197852,378
RequestStartTime,ResponseTimestamp,Latency
1719908197852,1719908197852,378
RequestStartTime,ResponseTimestamp,Latency
1719908196873,1719908196873,1411
RequestStartTime,ResponseTimestamp,Latency
1719908198263,1719908198263,274
RequestStartTime,ResponseTimestamp,Latency
1719908198238,1719908198238,299
RequestStartTime,ResponseTimestamp,Latency
1719908198639,1719908198639,291
RequestStartTime,ResponseTimestamp,Latency
1719908198793,1719908198793,415
RequestStartTime,ResponseTimestamp,Latency
1719908198910,1719908198910,334
RequestStartTime,ResponseTimestamp,Latency
1719908199203,1719908199203,524
RequestStartTime,ResponseTimestamp,Latency
1719908199202,1719908199202,525
RequestStartTime,ResponseTimestamp,Latency
1719908200493,1719908200493,362
RequestStartTime,ResponseTimestamp,Latency
1719908200493,1719908200493,362
RequestStartTime,ResponseTimestamp,Latency
1719908200582,1719908200582,282
RequestStartTime,ResponseTimestamp,Latency
1719908200841,1719908200841,359
RequestStartTime,ResponseTimestamp,Latency
1719908200841,1719908200841,359
RequestStartTime,ResponseTimestamp,Latency
1719908200841,1719908200841,359
RequestStartTime,ResponseTimestamp,Latency
1719908201966,1719908201966,348
RequestStartTime,ResponseTimestamp,Latency
1719908202684,1719908202684,326
RequestStartTime,ResponseTimestamp,Latency
1719908202732,1719908202732,359
RequestStartTime,ResponseTimestamp,Latency
1719908202733,1719908202733,616
RequestStartTime,ResponseTimestamp,Latency
1719908203399,1719908203399,275
RequestStartTime,ResponseTimestamp,Latency
1719908203399,1719908203399,278
RequestStartTime,ResponseTimestamp,Latency
1719908203455,1719908203455,295
RequestStartTime,ResponseTimestamp,Latency
1719908203708,1719908203708,411
RequestStartTime,ResponseTimestamp,Latency
1719908204098,1719908204098,288
RequestStartTime,ResponseTimestamp,Latency
1719908203707,1719908203707,701
RequestStartTime,ResponseTimestamp,Latency
1719908204377,1719908204377,303
RequestStartTime,ResponseTimestamp,Latency
1719908204413,1719908204413,278
RequestStartTime,ResponseTimestamp,Latency
1719908204897,1719908204897,504
RequestStartTime,ResponseTimestamp,Latency
1719908204897,1719908204897,504
RequestStartTime,ResponseTimestamp,Latency
1719908206024,1719908206024,363
RequestStartTime,ResponseTimestamp,Latency
1719908206024,1719908206024,363
RequestStartTime,ResponseTimestamp,Latency
1719908206034,1719908206034,353
RequestStartTime,ResponseTimestamp,Latency
1719908206371,1719908206371,358
RequestStartTime,ResponseTimestamp,Latency
1719908206371,1719908206371,358
RequestStartTime,ResponseTimestamp,Latency
1719908206371,1719908206371,358
RequestStartTime,ResponseTimestamp,Latency
1719908207483,1719908207483,474
RequestStartTime,ResponseTimestamp,Latency
1719908208181,1719908208181,348
RequestStartTime,ResponseTimestamp,Latency
1719908208264,1719908208264,289
RequestStartTime,ResponseTimestamp,Latency
1719908208519,1719908208519,334
RequestStartTime,ResponseTimestamp,Latency
1719908208846,1719908208846,340
RequestStartTime,ResponseTimestamp,Latency
1719908208921,1719908208921,324
RequestStartTime,ResponseTimestamp,Latency
1719908209289,1719908209289,351
RequestStartTime,ResponseTimestamp,Latency
1719908208844,1719908208844,808
RequestStartTime,ResponseTimestamp,Latency
1719908209578,1719908209578,308
RequestStartTime,ResponseTimestamp,Latency
1719908209556,1719908209556,330
RequestStartTime,ResponseTimestamp,Latency
1719908209850,1719908209850,566
RequestStartTime,ResponseTimestamp,Latency
1719908209863,1719908209863,553
RequestStartTime,ResponseTimestamp,Latency
1719908210571,1719908210571,356
RequestStartTime,ResponseTimestamp,Latency
1719908210571,1719908210571,356
RequestStartTime,ResponseTimestamp,Latency
1719908211556,1719908211556,350
RequestStartTime,ResponseTimestamp,Latency
1719908211556,1719908211556,350
RequestStartTime,ResponseTimestamp,Latency
1719908211556,1719908211556,350
RequestStartTime,ResponseTimestamp,Latency
1719908211900,1719908211900,358
RequestStartTime,ResponseTimestamp,Latency
1719908211900,1719908211900,358
RequestStartTime,ResponseTimestamp,Latency
1719908211900,1719908211900,358
RequestStartTime,ResponseTimestamp,Latency
1719908213128,1719908213128,467
RequestStartTime,ResponseTimestamp,Latency
1719908213702,1719908213702,348
RequestStartTime,ResponseTimestamp,Latency
1719908213725,1719908213725,581
RequestStartTime,ResponseTimestamp,Latency
1719908214025,1719908214025,381
RequestStartTime,ResponseTimestamp,Latency
1719908214356,1719908214356,381
RequestStartTime,ResponseTimestamp,Latency
1719908214810,1719908214810,284
RequestStartTime,ResponseTimestamp,Latency
1719908214823,1719908214823,271
RequestStartTime,ResponseTimestamp,Latency
1719908214415,1719908214415,766
RequestStartTime,ResponseTimestamp,Latency
1719908215059,1719908215059,517
RequestStartTime,ResponseTimestamp,Latency
1719908215059,1719908215059,517
RequestStartTime,ResponseTimestamp,Latency
1719908215588,1719908215588,358
RequestStartTime,ResponseTimestamp,Latency
1719908215588,1719908215588,358
RequestStartTime,ResponseTimestamp,Latency
1719908216099,1719908216099,562
RequestStartTime,ResponseTimestamp,Latency
1719908216099,1719908216099,766
RequestStartTime,ResponseTimestamp,Latency
1719908217079,1719908217079,365
RequestStartTime,ResponseTimestamp,Latency
1719908217079,1719908217079,365
RequestStartTime,ResponseTimestamp,Latency
1719908217437,1719908217437,452
RequestStartTime,ResponseTimestamp,Latency
1719908217437,1719908217437,454
RequestStartTime,ResponseTimestamp,Latency
1719908217437,1719908217437,454
RequestStartTime,ResponseTimestamp,Latency
1719908217079,1719908217079,812
RequestStartTime,ResponseTimestamp,Latency
1719908218765,1719908218765,722
RequestStartTime,ResponseTimestamp,Latency
1719908219222,1719908219222,280
RequestStartTime,ResponseTimestamp,Latency
1719908219479,1719908219479,274
RequestStartTime,ResponseTimestamp,Latency
1719908219909,1719908219909,372
RequestStartTime,ResponseTimestamp,Latency
1719908219579,1719908219579,862
RequestStartTime,ResponseTimestamp,Latency
1719908220266,1719908220266,821
RequestStartTime,ResponseTimestamp,Latency
1719908220353,1719908220353,734
RequestStartTime,ResponseTimestamp,Latency
1719908220749,1719908220749,338
RequestStartTime,ResponseTimestamp,Latency
1719908220749,1719908220749,521
RequestStartTime,ResponseTimestamp,Latency
1719908221118,1719908221118,459
RequestStartTime,ResponseTimestamp,Latency
1719908221118,1719908221118,460
RequestStartTime,ResponseTimestamp,Latency
1719908220266,1719908220266,1311
RequestStartTime,ResponseTimestamp,Latency
1719908221833,1719908221833,309
RequestStartTime,ResponseTimestamp,Latency
1719908222036,1719908222036,586
RequestStartTime,ResponseTimestamp,Latency
1719908222614,1719908222614,362
RequestStartTime,ResponseTimestamp,Latency
1719908222614,1719908222614,367
RequestStartTime,ResponseTimestamp,Latency
1719908223060,1719908223060,274
RequestStartTime,ResponseTimestamp,Latency
1719908223063,1719908223063,278
RequestStartTime,ResponseTimestamp,Latency
1719908223063,1719908223063,667
RequestStartTime,ResponseTimestamp,Latency
1719908223063,1719908223063,871
RequestStartTime,ResponseTimestamp,Latency
1719908224672,1719908224672,294
RequestStartTime,ResponseTimestamp,Latency
1719908224657,1719908224657,309
RequestStartTime,ResponseTimestamp,Latency
1719908224922,1719908224922,340
RequestStartTime,ResponseTimestamp,Latency
1719908225451,1719908225451,617
RequestStartTime,ResponseTimestamp,Latency
1719908225611,1719908225611,457
RequestStartTime,ResponseTimestamp,Latency
1719908226257,1719908226257,275
RequestStartTime,ResponseTimestamp,Latency
1719908226257,1719908226257,280
RequestStartTime,ResponseTimestamp,Latency
1719908226257,1719908226257,534
RequestStartTime,ResponseTimestamp,Latency
1719908226441,1719908226441,385
RequestStartTime,ResponseTimestamp,Latency
1719908226749,1719908226749,459
RequestStartTime,ResponseTimestamp,Latency
1719908226749,1719908226749,459
RequestStartTime,ResponseTimestamp,Latency
1719908226749,1719908226749,459
RequestStartTime,ResponseTimestamp,Latency
1719908227311,1719908227311,329
RequestStartTime,ResponseTimestamp,Latency
1719908228147,1719908228147,364
RequestStartTime,ResponseTimestamp,Latency
1719908228151,1719908228151,361
RequestStartTime,ResponseTimestamp,Latency
1719908227792,1719908227792,797
RequestStartTime,ResponseTimestamp,Latency
1719908228504,1719908228504,400
RequestStartTime,ResponseTimestamp,Latency
1719908228511,1719908228511,395
RequestStartTime,ResponseTimestamp,Latency
1719908228900,1719908228900,356
RequestStartTime,ResponseTimestamp,Latency
1719909525150,1719909525150,900
RequestStartTime,ResponseTimestamp,Latency
1719909525657,1719909525657,696
RequestStartTime,ResponseTimestamp,Latency
1719909526149,1719909526149,723
RequestStartTime,ResponseTimestamp,Latency
1719909526648,1719909526648,734
RequestStartTime,ResponseTimestamp,Latency
1719909527153,1719909527153,638
RequestStartTime,ResponseTimestamp,Latency
1719909527648,1719909527648,761
RequestStartTime,ResponseTimestamp,Latency
1719909528152,1719909528152,867
RequestStartTime,ResponseTimestamp,Latency
1719909528653,1719909528653,674
RequestStartTime,ResponseTimestamp,Latency
1719909529154,1719909529154,703
RequestStartTime,ResponseTimestamp,Latency
1719909529652,1719909529652,582
RequestStartTime,ResponseTimestamp,Latency
1719909530152,1719909530152,813
RequestStartTime,ResponseTimestamp,Latency
1719909530653,1719909530653,619
RequestStartTime,ResponseTimestamp,Latency
1719909531271,1719909531271,265
RequestStartTime,ResponseTimestamp,Latency
1719909531148,1719909531148,597
RequestStartTime,ResponseTimestamp,Latency
1719909531524,1719909531524,262
RequestStartTime,ResponseTimestamp,Latency
1719909531649,1719909531649,852
RequestStartTime,ResponseTimestamp,Latency
1719909532043,1719909532043,458
RequestStartTime,ResponseTimestamp,Latency
1719909532149,1719909532149,828
RequestStartTime,ResponseTimestamp,Latency
1719909532552,1719909532552,565
RequestStartTime,ResponseTimestamp,Latency
1719909532961,1719909532961,283
RequestStartTime,ResponseTimestamp,Latency
1719909532648,1719909532648,885
RequestStartTime,ResponseTimestamp,Latency
1719909533580,1719909533580,457
RequestStartTime,ResponseTimestamp,Latency
1719909533647,1719909533647,809
RequestStartTime,ResponseTimestamp,Latency
1719909534189,1719909534189,294
RequestStartTime,ResponseTimestamp,Latency
1719909533147,1719909533147,1419
RequestStartTime,ResponseTimestamp,Latency
1719909534498,1719909534498,259
RequestStartTime,ResponseTimestamp,Latency
1719909534149,1719909534149,748
RequestStartTime,ResponseTimestamp,Latency
1719909534647,1719909534647,580
RequestStartTime,ResponseTimestamp,Latency
1719909535027,1719909535027,383
RequestStartTime,ResponseTimestamp,Latency
1719909535405,1719909535405,374
RequestStartTime,ResponseTimestamp,Latency
1719909536137,1719909536137,417
RequestStartTime,ResponseTimestamp,Latency
1719909536443,1719909536443,291
RequestStartTime,ResponseTimestamp,Latency
1719909536706,1719909536706,278
RequestStartTime,ResponseTimestamp,Latency
1719909536916,1719909536916,398
RequestStartTime,ResponseTimestamp,Latency
1719909536957,1719909536957,357
RequestStartTime,ResponseTimestamp,Latency
1719909537675,1719909537675,322
RequestStartTime,ResponseTimestamp,Latency
1719909537675,1719909537675,359
RequestStartTime,ResponseTimestamp,Latency
1719909538292,1719909538292,336
RequestStartTime,ResponseTimestamp,Latency
1719909538418,1719909538418,321
RequestStartTime,ResponseTimestamp,Latency
1719909538704,1719909538704,356
RequestStartTime,ResponseTimestamp,Latency
1719909538149,1719909538149,911
RequestStartTime,ResponseTimestamp,Latency
1719909539209,1719909539209,368
RequestStartTime,ResponseTimestamp,Latency
1719909539669,1719909539669,319
RequestStartTime,ResponseTimestamp,Latency
1719909539653,1719909539653,335
RequestStartTime,ResponseTimestamp,Latency
1719909539764,1719909539764,278
RequestStartTime,ResponseTimestamp,Latency
1719909539939,1719909539939,344
RequestStartTime,ResponseTimestamp,Latency
1719909540082,1719909540082,290
RequestStartTime,ResponseTimestamp,Latency
1719909540397,1719909540397,443
RequestStartTime,ResponseTimestamp,Latency
1719909540588,1719909540588,312
RequestStartTime,ResponseTimestamp,Latency
1719909540968,1719909540968,442
RequestStartTime,ResponseTimestamp,Latency
1719909541739,1719909541739,295
RequestStartTime,ResponseTimestamp,Latency
1719909541929,1719909541929,321
RequestStartTime,ResponseTimestamp,Latency
1719909542166,1719909542166,351
RequestStartTime,ResponseTimestamp,Latency
1719909542498,1719909542498,350
RequestStartTime,ResponseTimestamp,Latency
1719909542498,1719909542498,350
RequestStartTime,ResponseTimestamp,Latency
1719909543174,1719909543174,448
RequestStartTime,ResponseTimestamp,Latency
1719909543205,1719909543205,417
RequestStartTime,ResponseTimestamp,Latency
1719909543924,1719909543924,337
RequestStartTime,ResponseTimestamp,Latency
1719909543800,1719909543800,682
RequestStartTime,ResponseTimestamp,Latency
1719909544255,1719909544255,327
RequestStartTime,ResponseTimestamp,Latency
1719909544255,1719909544255,328
RequestStartTime,ResponseTimestamp,Latency
1719909544753,1719909544753,302
RequestStartTime,ResponseTimestamp,Latency
1719909545170,1719909545170,297
RequestStartTime,ResponseTimestamp,Latency
1719909545170,1719909545170,297
RequestStartTime,ResponseTimestamp,Latency
1719909545217,1719909545217,265
RequestStartTime,ResponseTimestamp,Latency
1719909545549,1719909545549,265
RequestStartTime,ResponseTimestamp,Latency
1719909545454,1719909545454,360
RequestStartTime,ResponseTimestamp,Latency
1719909546078,1719909546078,453
RequestStartTime,ResponseTimestamp,Latency
1719909546016,1719909546016,515
RequestStartTime,ResponseTimestamp,Latency
1719909546595,1719909546595,304
RequestStartTime,ResponseTimestamp,Latency
1719909547202,1719909547202,263
RequestStartTime,ResponseTimestamp,Latency
1719909547423,1719909547423,286
RequestStartTime,ResponseTimestamp,Latency
1719909547687,1719909547687,291
RequestStartTime,ResponseTimestamp,Latency
1719909548019,1719909548019,268
RequestStartTime,ResponseTimestamp,Latency
1719909548019,1719909548019,268
RequestStartTime,ResponseTimestamp,Latency
1719909557234,1719909557234,377
RequestStartTime,ResponseTimestamp,Latency
1719909557234,1719909557234,377
RequestStartTime,ResponseTimestamp,Latency
1719909557567,1719909557567,433
RequestStartTime,ResponseTimestamp,Latency
1719909558153,1719909558153,359
RequestStartTime,ResponseTimestamp,Latency
1719909558722,1719909558722,325
RequestStartTime,ResponseTimestamp,Latency
1719909558801,1719909558801,292
RequestStartTime,ResponseTimestamp,Latency
1719909558991,1719909558991,304
RequestStartTime,ResponseTimestamp,Latency
1719909558991,1719909558991,304
RequestStartTime,ResponseTimestamp,Latency
1719909560018,1719909560018,340
RequestStartTime,ResponseTimestamp,Latency
1719909560081,1719909560081,334
RequestStartTime,ResponseTimestamp,Latency
1719909560410,1719909560410,356
RequestStartTime,ResponseTimestamp,Latency
1719909560995,1719909560995,486
RequestStartTime,ResponseTimestamp,Latency
1719909560995,1719909560995,486
RequestStartTime,ResponseTimestamp,Latency
1719909560995,1719909560995,486
RequestStartTime,ResponseTimestamp,Latency
1719909561706,1719909561706,0
RequestStartTime,ResponseTimestamp,Latency
1719909561706,1719909561706,0
RequestStartTime,ResponseTimestamp,Latency
1719909561706,1719909561706,0
RequestStartTime,ResponseTimestamp,Latency
1719909561706,1719909561706,0
RequestStartTime,ResponseTimestamp,Latency
1719909561988,1719909561988,0
RequestStartTime,ResponseTimestamp,Latency
1719981908711,1719981908711,748
RequestStartTime,ResponseTimestamp,Latency
1719981909210,1719981909210,912
RequestStartTime,ResponseTimestamp,Latency
1719981909710,1719981909710,809
RequestStartTime,ResponseTimestamp,Latency
1719981910227,1719981910227,624
RequestStartTime,ResponseTimestamp,Latency
1719981910707,1719981910707,641
RequestStartTime,ResponseTimestamp,Latency
1719981911208,1719981911208,684
RequestStartTime,ResponseTimestamp,Latency
1719981911722,1719981911722,802
RequestStartTime,ResponseTimestamp,Latency
1719981912222,1719981912222,553
RequestStartTime,ResponseTimestamp,Latency
1719981912707,1719981912707,652
RequestStartTime,ResponseTimestamp,Latency
1719981913208,1719981913208,590
RequestStartTime,ResponseTimestamp,Latency
1719981913713,1719981913713,770
RequestStartTime,ResponseTimestamp,Latency
1719981914215,1719981914215,605
RequestStartTime,ResponseTimestamp,Latency
1719981914720,1719981914720,307
RequestStartTime,ResponseTimestamp,Latency
1719981914712,1719981914712,683
RequestStartTime,ResponseTimestamp,Latency
1719981915292,1719981915292,302
RequestStartTime,ResponseTimestamp,Latency
1719981915211,1719981915211,532
RequestStartTime,ResponseTimestamp,Latency
1719981915690,1719981915690,282
RequestStartTime,ResponseTimestamp,Latency
1719981915711,1719981915711,647
RequestStartTime,ResponseTimestamp,Latency
1719981916022,1719981916022,345
RequestStartTime,ResponseTimestamp,Latency
1719981916518,1719981916518,282
RequestStartTime,ResponseTimestamp,Latency
1719981916214,1719981916214,660
RequestStartTime,ResponseTimestamp,Latency
1719981916705,1719981916705,607
RequestStartTime,ResponseTimestamp,Latency
1719981917062,1719981917062,420
RequestStartTime,ResponseTimestamp,Latency
1719981917696,1719981917696,363
RequestStartTime,ResponseTimestamp,Latency
1719981917950,1719981917950,332
RequestStartTime,ResponseTimestamp,Latency
1719981917713,1719981917713,615
RequestStartTime,ResponseTimestamp,Latency
1719981917206,1719981917206,1548
RequestStartTime,ResponseTimestamp,Latency
1719981918218,1719981918218,634
RequestStartTime,ResponseTimestamp,Latency
1719981918529,1719981918529,340
RequestStartTime,ResponseTimestamp,Latency
1719981918969,1719981918969,334
RequestStartTime,ResponseTimestamp,Latency
1719981919653,1719981919653,620
RequestStartTime,ResponseTimestamp,Latency
1719981919996,1719981919996,303
RequestStartTime,ResponseTimestamp,Latency
1719981920212,1719981920212,350
RequestStartTime,ResponseTimestamp,Latency
1719981920568,1719981920568,438
RequestStartTime,ResponseTimestamp,Latency
1719981920767,1719981920767,315
RequestStartTime,ResponseTimestamp,Latency
1719981920918,1719981920918,294
RequestStartTime,ResponseTimestamp,Latency
1719981921167,1719981921167,276
RequestStartTime,ResponseTimestamp,Latency
1719981921543,1719981921543,283
RequestStartTime,ResponseTimestamp,Latency
1719981921543,1719981921543,349
RequestStartTime,ResponseTimestamp,Latency
1719981921980,1719981921980,312
RequestStartTime,ResponseTimestamp,Latency
1719981922050,1719981922050,322
RequestStartTime,ResponseTimestamp,Latency
1719981922496,1719981922496,582
RequestStartTime,ResponseTimestamp,Latency
1719981922667,1719981922667,422
RequestStartTime,ResponseTimestamp,Latency
1719981923245,1719981923245,314
RequestStartTime,ResponseTimestamp,Latency
1719981923512,1719981923512,333
RequestStartTime,ResponseTimestamp,Latency
1719981923464,1719981923464,381
RequestStartTime,ResponseTimestamp,Latency
1719981923933,1719981923933,276
RequestStartTime,ResponseTimestamp,Latency
1719981924051,1719981924051,361
RequestStartTime,ResponseTimestamp,Latency
1719981924028,1719981924028,384
RequestStartTime,ResponseTimestamp,Latency
1719981924483,1719981924483,440
RequestStartTime,ResponseTimestamp,Latency
1719981925450,1719981925450,343
RequestStartTime,ResponseTimestamp,Latency
1719981925485,1719981925485,327
RequestStartTime,ResponseTimestamp,Latency
1719981925733,1719981925733,317
RequestStartTime,ResponseTimestamp,Latency
1719981926183,1719981926183,330
RequestStartTime,ResponseTimestamp,Latency
1719981926252,1719981926252,297
RequestStartTime,ResponseTimestamp,Latency
1719981926398,1719981926398,406
RequestStartTime,ResponseTimestamp,Latency
1719981927003,1719981927003,270
RequestStartTime,ResponseTimestamp,Latency
1719981927075,1719981927075,340
RequestStartTime,ResponseTimestamp,Latency
1719981927466,1719981927466,343
RequestStartTime,ResponseTimestamp,Latency
1719981926614,1719981926614,1292
RequestStartTime,ResponseTimestamp,Latency
1719981931736,1719981931736,0
RequestStartTime,ResponseTimestamp,Latency
1719981931984,1719981931984,0
RequestStartTime,ResponseTimestamp,Latency
1719981931233,1719981931233,0
RequestStartTime,ResponseTimestamp,Latency
1719981932986,1719981932986,0
RequestStartTime,ResponseTimestamp,Latency
1719981932450,1719981932450,0
RequestStartTime,ResponseTimestamp,Latency
1719981932600,1719981932600,0
RequestStartTime,ResponseTimestamp,Latency
1719981930986,1719981930986,0
RequestStartTime,ResponseTimestamp,Latency
1719981929398,1719981929398,0
RequestStartTime,ResponseTimestamp,Latency
1719981929584,1719981929584,0
RequestStartTime,ResponseTimestamp,Latency
1719981933084,1719981933084,0
RequestStartTime,ResponseTimestamp,Latency
1719981931698,1719981931698,0
RequestStartTime,ResponseTimestamp,Latency
1719981929015,1719981929015,0
RequestStartTime,ResponseTimestamp,Latency
1719981930115,1719981930115,0
RequestStartTime,ResponseTimestamp,Latency
1719981928265,1719981928265,0
RequestStartTime,ResponseTimestamp,Latency
1719981929584,1719981929584,0
RequestStartTime,ResponseTimestamp,Latency
1719981928249,1719981928249,0
RequestStartTime,ResponseTimestamp,Latency
1719981929015,1719981929015,0
RequestStartTime,ResponseTimestamp,Latency
1719981930981,1719981930981,0
RequestStartTime,ResponseTimestamp,Latency
1719981928748,1719981928748,0
RequestStartTime,ResponseTimestamp,Latency
1719981927561,1719981927561,0
RequestStartTime,ResponseTimestamp,Latency
1719982069452,1719982069452,1030
RequestStartTime,ResponseTimestamp,Latency
1719982069959,1719982069959,576
RequestStartTime,ResponseTimestamp,Latency
1719982070466,1719982070466,622
RequestStartTime,ResponseTimestamp,Latency
1719982070952,1719982070952,642
RequestStartTime,ResponseTimestamp,Latency
1719982071452,1719982071452,624
RequestStartTime,ResponseTimestamp,Latency
1719982071949,1719982071949,630
RequestStartTime,ResponseTimestamp,Latency
1719982072449,1719982072449,618
RequestStartTime,ResponseTimestamp,Latency
1719982072950,1719982072950,644
RequestStartTime,ResponseTimestamp,Latency
1719982073450,1719982073450,639
RequestStartTime,ResponseTimestamp,Latency
1719982073948,1719982073948,767
RequestStartTime,ResponseTimestamp,Latency
1719982074449,1719982074449,943
RequestStartTime,ResponseTimestamp,Latency
1719982074949,1719982074949,598
RequestStartTime,ResponseTimestamp,Latency
1719982075670,1719982075670,346
RequestStartTime,ResponseTimestamp,Latency
1719982075450,1719982075450,566
RequestStartTime,ResponseTimestamp,Latency
1719982075704,1719982075704,382
RequestStartTime,ResponseTimestamp,Latency
1719982076257,1719982076257,303
RequestStartTime,ResponseTimestamp,Latency
1719982075950,1719982075950,635
RequestStartTime,ResponseTimestamp,Latency
1719982076450,1719982076450,551
RequestStartTime,ResponseTimestamp,Latency
1719982076763,1719982076763,424
RequestStartTime,ResponseTimestamp,Latency
1719982077247,1719982077247,273
RequestStartTime,ResponseTimestamp,Latency
1719982076963,1719982076963,894
RequestStartTime,ResponseTimestamp,Latency
1719982077451,1719982077451,672
RequestStartTime,ResponseTimestamp,Latency
1719982077747,1719982077747,376
RequestStartTime,ResponseTimestamp,Latency
1719982078260,1719982078260,339
RequestStartTime,ResponseTimestamp,Latency
1719982077950,1719982077950,649
RequestStartTime,ResponseTimestamp,Latency
1719982078452,1719982078452,630
RequestStartTime,ResponseTimestamp,Latency
1719982078765,1719982078765,547
RequestStartTime,ResponseTimestamp,Latency
1719982078966,1719982078966,585
RequestStartTime,ResponseTimestamp,Latency
1719982079263,1719982079263,292
RequestStartTime,ResponseTimestamp,Latency
1719982079895,1719982079895,370
RequestStartTime,ResponseTimestamp,Latency
1719982080563,1719982080563,322
RequestStartTime,ResponseTimestamp,Latency
1719982080717,1719982080717,530
RequestStartTime,ResponseTimestamp,Latency
1719982081194,1719982081194,321
RequestStartTime,ResponseTimestamp,Latency
1719982081275,1719982081275,329
RequestStartTime,ResponseTimestamp,Latency
1719982081194,1719982081194,592
RequestStartTime,ResponseTimestamp,Latency
1719982081762,1719982081762,319
RequestStartTime,ResponseTimestamp,Latency
1719982081746,1719982081746,335
RequestStartTime,ResponseTimestamp,Latency
1719982082379,1719982082379,328
RequestStartTime,ResponseTimestamp,Latency
1719982082698,1719982082698,287
RequestStartTime,ResponseTimestamp,Latency
1719982082172,1719982082172,1121
RequestStartTime,ResponseTimestamp,Latency
1719982083027,1719982083027,299
RequestStartTime,ResponseTimestamp,Latency
1719982083308,1719982083308,293
RequestStartTime,ResponseTimestamp,Latency
1719982083308,1719982083308,527
RequestStartTime,ResponseTimestamp,Latency
1719982083776,1719982083776,389
RequestStartTime,ResponseTimestamp,Latency
1719982083776,1719982083776,389
RequestStartTime,ResponseTimestamp,Latency
1719982084260,1719982084260,315
RequestStartTime,ResponseTimestamp,Latency
1719982084511,1719982084511,303
RequestStartTime,ResponseTimestamp,Latency
1719982084729,1719982084729,317
RequestStartTime,ResponseTimestamp,Latency
1719982084729,1719982084729,317
RequestStartTime,ResponseTimestamp,Latency
1719982085430,1719982085430,333
RequestStartTime,ResponseTimestamp,Latency
1719982086061,1719982086061,279
RequestStartTime,ResponseTimestamp,Latency
1719982086418,1719982086418,338
RequestStartTime,ResponseTimestamp,Latency
1719982086684,1719982086684,342
RequestStartTime,ResponseTimestamp,Latency
1719982086790,1719982086790,284
RequestStartTime,ResponseTimestamp,Latency
1719982086965,1719982086965,370
RequestStartTime,ResponseTimestamp,Latency
1719982087263,1719982087263,333
RequestStartTime,ResponseTimestamp,Latency
1719982087263,1719982087263,855
RequestStartTime,ResponseTimestamp,Latency
1719982087879,1719982087879,317
RequestStartTime,ResponseTimestamp,Latency
1719982088163,1719982088163,330
RequestStartTime,ResponseTimestamp,Latency
1719982088480,1719982088480,326
RequestStartTime,ResponseTimestamp,Latency
1719982088508,1719982088508,298
RequestStartTime,ResponseTimestamp,Latency
1719982088772,1719982088772,441
RequestStartTime,ResponseTimestamp,Latency
1719982089011,1719982089011,603
RequestStartTime,ResponseTimestamp,Latency
1719982089354,1719982089354,323
RequestStartTime,ResponseTimestamp,Latency
1719982089354,1719982089354,323
RequestStartTime,ResponseTimestamp,Latency
1719982089995,1719982089995,312
RequestStartTime,ResponseTimestamp,Latency
1719982089748,1719982089748,601
RequestStartTime,ResponseTimestamp,Latency
1719982090244,1719982090244,334
RequestStartTime,ResponseTimestamp,Latency
1719982090244,1719982090244,334
RequestStartTime,ResponseTimestamp,Latency
1719982090945,1719982090945,334
RequestStartTime,ResponseTimestamp,Latency
1719982091527,1719982091527,308
RequestStartTime,ResponseTimestamp,Latency
1719982092213,1719982092213,334
RequestStartTime,ResponseTimestamp,Latency
1719982092246,1719982092246,301
RequestStartTime,ResponseTimestamp,Latency
1719982091945,1719982091945,703
RequestStartTime,ResponseTimestamp,Latency
1719982092511,1719982092511,286
RequestStartTime,ResponseTimestamp,Latency
1719982092780,1719982092780,607
RequestStartTime,ResponseTimestamp,Latency
1719982093352,1719982093352,287
RequestStartTime,ResponseTimestamp,Latency
1719982093382,1719982093382,262
RequestStartTime,ResponseTimestamp,Latency
1719982093682,1719982093682,341
RequestStartTime,ResponseTimestamp,Latency
1719982093979,1719982093979,350
RequestStartTime,ResponseTimestamp,Latency
1719982093979,1719982093979,456
RequestStartTime,ResponseTimestamp,Latency
1719982094382,1719982094382,356
RequestStartTime,ResponseTimestamp,Latency
1719982094796,1719982094796,293
RequestStartTime,ResponseTimestamp,Latency
1719982094846,1719982094846,318
RequestStartTime,ResponseTimestamp,Latency
1719982095492,1719982095492,282
RequestStartTime,ResponseTimestamp,Latency
1719982095524,1719982095524,274
RequestStartTime,ResponseTimestamp,Latency
1719982095759,1719982095759,377
RequestStartTime,ResponseTimestamp,Latency
1719982095759,1719982095759,377
RequestStartTime,ResponseTimestamp,Latency
1719982094846,1719982094846,1326
RequestStartTime,ResponseTimestamp,Latency
1719982096459,1719982096459,341
RequestStartTime,ResponseTimestamp,Latency
1719982097027,1719982097027,319
RequestStartTime,ResponseTimestamp,Latency
1719982097744,1719982097744,272
RequestStartTime,ResponseTimestamp,Latency
1719982097825,1719982097825,338
RequestStartTime,ResponseTimestamp,Latency
1719982097977,1719982097977,615
RequestStartTime,ResponseTimestamp,Latency
1719982097744,1719982097744,857
RequestStartTime,ResponseTimestamp,Latency
1719982098579,1719982098579,292
RequestStartTime,ResponseTimestamp,Latency
1719982098813,1719982098813,299
RequestStartTime,ResponseTimestamp,Latency
1719982098813,1719982098813,556
RequestStartTime,ResponseTimestamp,Latency
1719982099199,1719982099199,307
RequestStartTime,ResponseTimestamp,Latency
1719982099512,1719982099512,290
RequestStartTime,ResponseTimestamp,Latency
1719982099613,1719982099613,309
RequestStartTime,ResponseTimestamp,Latency
1719982099927,1719982099927,312
RequestStartTime,ResponseTimestamp,Latency
1719982100259,1719982100259,287
RequestStartTime,ResponseTimestamp,Latency
1719982100333,1719982100333,299
RequestStartTime,ResponseTimestamp,Latency
1719982100958,1719982100958,338
RequestStartTime,ResponseTimestamp,Latency
1719982100974,1719982100974,322
RequestStartTime,ResponseTimestamp,Latency
1719982101358,1719982101358,349
RequestStartTime,ResponseTimestamp,Latency
1719982101326,1719982101326,381
RequestStartTime,ResponseTimestamp,Latency
1719982101326,1719982101326,688
RequestStartTime,ResponseTimestamp,Latency
1719982101992,1719982101992,314
RequestStartTime,ResponseTimestamp,Latency
1719982102520,1719982102520,596
RequestStartTime,ResponseTimestamp,Latency
1719982103209,1719982103209,276
RequestStartTime,ResponseTimestamp,Latency
1719982103763,1719982103763,316
RequestStartTime,ResponseTimestamp,Latency
1719982103779,1719982103779,305
RequestStartTime,ResponseTimestamp,Latency
1719982103346,1719982103346,738
RequestStartTime,ResponseTimestamp,Latency
1719982104058,1719982104058,290
RequestStartTime,ResponseTimestamp,Latency
1719982104546,1719982104546,298
RequestStartTime,ResponseTimestamp,Latency
1719982104675,1719982104675,277
RequestStartTime,ResponseTimestamp,Latency
1719982104297,1719982104297,717
RequestStartTime,ResponseTimestamp,Latency
1719982104991,1719982104991,298
RequestStartTime,ResponseTimestamp,Latency
1719982105110,1719982105110,289
RequestStartTime,ResponseTimestamp,Latency
1719982105737,1719982105737,282
RequestStartTime,ResponseTimestamp,Latency
1719982105824,1719982105824,322
RequestStartTime,ResponseTimestamp,Latency
1719982105419,1719982105419,815
RequestStartTime,ResponseTimestamp,Latency
1719982106481,1719982106481,275
RequestStartTime,ResponseTimestamp,Latency
1719982106481,1719982106481,520
RequestStartTime,ResponseTimestamp,Latency
1719982106891,1719982106891,355
RequestStartTime,ResponseTimestamp,Latency
1719982106891,1719982106891,355
RequestStartTime,ResponseTimestamp,Latency
1719982107198,1719982107198,382
RequestStartTime,ResponseTimestamp,Latency
1719982107485,1719982107485,366
RequestStartTime,ResponseTimestamp,Latency
1719982108293,1719982108293,321
RequestStartTime,ResponseTimestamp,Latency
1719982108664,1719982108664,274
RequestStartTime,ResponseTimestamp,Latency
1719982109261,1719982109261,331
RequestStartTime,ResponseTimestamp,Latency
1719982109261,1719982109261,331
RequestStartTime,ResponseTimestamp,Latency
1719982109261,1719982109261,331
RequestStartTime,ResponseTimestamp,Latency
1719982109532,1719982109532,388
RequestStartTime,ResponseTimestamp,Latency
1719982110024,1719982110024,279
RequestStartTime,ResponseTimestamp,Latency
1719982110116,1719982110116,308
RequestStartTime,ResponseTimestamp,Latency
1719982110475,1719982110475,320
RequestStartTime,ResponseTimestamp,Latency
1719982110210,1719982110210,585
RequestStartTime,ResponseTimestamp,Latency
1719982110574,1719982110574,306
RequestStartTime,ResponseTimestamp,Latency
1719982111325,1719982111325,354
RequestStartTime,ResponseTimestamp,Latency
1719982111201,1719982111201,478
RequestStartTime,ResponseTimestamp,Latency
1719982111403,1719982111403,314
RequestStartTime,ResponseTimestamp,Latency
1719982111934,1719982111934,315
RequestStartTime,ResponseTimestamp,Latency
1719982112186,1719982112186,330
RequestStartTime,ResponseTimestamp,Latency
1719982112436,1719982112436,298
RequestStartTime,ResponseTimestamp,Latency
1719982112436,1719982112436,319
RequestStartTime,ResponseTimestamp,Latency
1719982112742,1719982112742,292
RequestStartTime,ResponseTimestamp,Latency
1719982113028,1719982113028,345
RequestStartTime,ResponseTimestamp,Latency
1719982113794,1719982113794,321
RequestStartTime,ResponseTimestamp,Latency
1719982114106,1719982114106,950
RequestStartTime,ResponseTimestamp,Latency
1719982114774,1719982114774,313
RequestStartTime,ResponseTimestamp,Latency
1719982114774,1719982114774,313
RequestStartTime,ResponseTimestamp,Latency
1719982114774,1719982114774,313
RequestStartTime,ResponseTimestamp,Latency
1719982115095,1719982115095,281
RequestStartTime,ResponseTimestamp,Latency
1719982115590,1719982115590,325
RequestStartTime,ResponseTimestamp,Latency
1719982115481,1719982115481,582
RequestStartTime,ResponseTimestamp,Latency
1719982115987,1719982115987,300
RequestStartTime,ResponseTimestamp,Latency
1719982115987,1719982115987,325
RequestStartTime,ResponseTimestamp,Latency
1719982116066,1719982116066,337
RequestStartTime,ResponseTimestamp,Latency
1719982116853,1719982116853,429
RequestStartTime,ResponseTimestamp,Latency
1719982116853,1719982116853,429
RequestStartTime,ResponseTimestamp,Latency
1719982116900,1719982116900,382
RequestStartTime,ResponseTimestamp,Latency
1719982117437,1719982117437,341
RequestStartTime,ResponseTimestamp,Latency
1719982117704,1719982117704,340
RequestStartTime,ResponseTimestamp,Latency
1719982117910,1719982117910,326
RequestStartTime,ResponseTimestamp,Latency
1719982118227,1719982118227,333
RequestStartTime,ResponseTimestamp,Latency
1719982117942,1719982117942,664
RequestStartTime,ResponseTimestamp,Latency
1719982118559,1719982118559,322
RequestStartTime,ResponseTimestamp,Latency
1719982119301,1719982119301,305
RequestStartTime,ResponseTimestamp,Latency
1719982120233,1719982120233,328
RequestStartTime,ResponseTimestamp,Latency
1719982120265,1719982120265,299
RequestStartTime,ResponseTimestamp,Latency
1719982120265,1719982120265,299
RequestStartTime,ResponseTimestamp,Latency
1719982120558,1719982120558,331
RequestStartTime,ResponseTimestamp,Latency
1719982120265,1719982120265,643
RequestStartTime,ResponseTimestamp,Latency
1719982121243,1719982121243,277
RequestStartTime,ResponseTimestamp,Latency
1719982121475,1719982121475,304
RequestStartTime,ResponseTimestamp,Latency
1719982121491,1719982121491,288
RequestStartTime,ResponseTimestamp,Latency
1719982121090,1719982121090,703
RequestStartTime,ResponseTimestamp,Latency
1719982121567,1719982121567,315
RequestStartTime,ResponseTimestamp,Latency
1719982122475,1719982122475,391
RequestStartTime,ResponseTimestamp,Latency
1719982122475,1719982122475,391
RequestStartTime,ResponseTimestamp,Latency
1719982122475,1719982122475,391
RequestStartTime,ResponseTimestamp,Latency
1719982122943,1719982122943,334
RequestStartTime,ResponseTimestamp,Latency
1719982123227,1719982123227,325
RequestStartTime,ResponseTimestamp,Latency
1719982123396,1719982123396,680
RequestStartTime,ResponseTimestamp,Latency
1719982123735,1719982123735,341
RequestStartTime,ResponseTimestamp,Latency
1719982124046,1719982124046,301
RequestStartTime,ResponseTimestamp,Latency
1719982123781,1719982123781,566
RequestStartTime,ResponseTimestamp,Latency
1719982124784,1719982124784,333
RequestStartTime,ResponseTimestamp,Latency
1719982125741,1719982125741,386
RequestStartTime,ResponseTimestamp,Latency
1719982125741,1719982125741,579
RequestStartTime,ResponseTimestamp,Latency
1719982126058,1719982126058,337
RequestStartTime,ResponseTimestamp,Latency
1719982126078,1719982126078,317
RequestStartTime,ResponseTimestamp,Latency
1719982125741,1719982125741,883
RequestStartTime,ResponseTimestamp,Latency
1719982126690,1719982126690,302
RequestStartTime,ResponseTimestamp,Latency
1719982126949,1719982126949,311
RequestStartTime,ResponseTimestamp,Latency
1719982126949,1719982126949,311
RequestStartTime,ResponseTimestamp,Latency
1719982126962,1719982126962,298
RequestStartTime,ResponseTimestamp,Latency
1719982127059,1719982127059,285
RequestStartTime,ResponseTimestamp,Latency
1719982128037,1719982128037,350
RequestStartTime,ResponseTimestamp,Latency
1719982128037,1719982128037,350
RequestStartTime,ResponseTimestamp,Latency
1719982128037,1719982128037,350
RequestStartTime,ResponseTimestamp,Latency
1719982128447,1719982128447,334
RequestStartTime,ResponseTimestamp,Latency
1719982128721,1719982128721,385
RequestStartTime,ResponseTimestamp,Latency
1719982129246,1719982129246,313
RequestStartTime,ResponseTimestamp,Latency
1719982129246,1719982129246,320
